{
  "train_loss": [
    1.959725828965505,
    1.5721904555956523,
    1.3746462225914002
  ],
  "val_loss": [
    1.9805197715759277,
    1.5498469909032186,
    1.1614398876825969
  ],
  "val_risk_acc": [
    0.4166666666666667,
    0.5833333333333334,
    0.7
  ]
}