{
  "train_loss": [
    2.074842091401418,
    1.7685152133305868,
    1.5604662537574767
  ],
  "val_loss": [
    1.990684453646342,
    1.6862928867340088,
    1.5177067438761394
  ],
  "val_risk_acc": [
    0.48333333333333334,
    0.6333333333333333,
    0.5666666666666667
  ]
}